{
  "@microsoft/generator-sharepoint": {
    "plusBeta": false,
    "isCreatingSolution": true,
    "version": "1.15.2",
    "libraryName": "send-to-paperles-button",
    "libraryId": "431485f1-2edc-498c-9ebe-831777c3e1ed",
    "environment": "spo",
    "packageManager": "npm",
    "solutionName": "send_to_paperles_button",
    "solutionShortDescription": "send_to_paperles_button description",
    "skipFeatureDeployment": true,
    "isDomainIsolated": false,
    "componentType": "extension",
    "extensionType": "ListViewCommandSet"
  }
}
