{
  "$schema": "https://developer.microsoft.com/json-schemas/spfx-build/package-solution.schema.json",
  "solution": {
    "name": "send-to-paperles-button-client-side-solution",
    "id": "431485f1-2edc-498c-9ebe-831777c3e1ed",
    "version": "1.0.0.3",
    "includeClientSideAssets": true,
    "skipFeatureDeployment": true,
    "isDomainIsolated": false,
    "developer": {
      "name": "Armin Razic",
      "websiteUrl": "",
      "privacyUrl": "",
      "termsOfUseUrl": "",
      "mpnId": "Undefined-1.15.2"
    },
    "metadata": {
      "shortDescription": {
        "default": "send_to_paperles_button description"
      },
      "longDescription": {
        "default": "send_to_paperles_button description"
      },
      "screenshotPaths": [],
      "videoUrl": "",
      "categories": []
    },
    "features": [
      {
        "title": "Application Extension - Send file to Paperless System",
        "description": "Deploys a custom action with ClientSideComponentId association",
        "id": "88344705-5ad3-40e6-a2f6-c73053a1e180",
        "version": "1.0.0.0",
        "assets": {
          "elementManifests": [
            "elements.xml",
            "ClientSideInstance.xml"
          ]
        }
      }
    ]
  },
  "paths": {
    "zippedPackage": "solution/send-to-paperles-button.sppkg"
  }
}
