{
  "$schema": "https://developer.microsoft.com/json-schemas/spfx-build/spfx-serve.schema.json",
  "port": 4321,
  "https": true,
  "serveConfigurations": {
    "default": {
      "pageUrl": "https://easo.sharepoint.com/sites/co/Slovenia/Forms/01%20%20All%20Documents.aspx",
      "customActions": {
        "929c191b-3d3e-48d8-856d-2d6791931800": {
          "location": "ClientSideExtension.ListViewCommandSet.CommandBar",
          "properties": {
            "paperlessURL": "https://paperless.easo.europa.eu"
          }
        }
      }
    },
    "sendToPaperlesButtonCommandSet": {
      "pageUrl": "https://easo.sharepoint.com/sites/co/Slovenia/Forms/01%20%20All%20Documents.aspx",
      "customActions": {
        "929c191b-3d3e-48d8-856d-2d6791931800": {
          "location": "ClientSideExtension.ListViewCommandSet.CommandBar",
          "properties": {
            "paperlessURL": "https://paperless.easo.europa.eu"
          }
        }
      }
    }
  }
}
